timestamp,function,duration_seconds
2025-10-28T16:29:03.611691,run,0.00058
2025-10-28T16:31:50.831703,run,0.00057
2025-10-28T16:33:06.391716,run,0.00057
2025-10-28T16:33:18.758101,run,0.00065
2025-10-28T16:33:46.537341,run,0.00061
2025-10-28T16:33:58.474807,run,0.00057
2025-10-28T16:34:03.001808,run,0.00057
2025-10-28T16:34:20.611578,run,0.00057
2025-10-28T16:47:35.152889,run,0.00059
2025-10-28T16:51:06.222626,run,0.00067
2025-10-28T16:57:16.557724,run,0.00056
2025-10-28T16:58:48.366725,run,0.00058
2025-10-28T17:09:24.477562,run,0.00063
2025-10-28T17:29:06.659555,run,0.00058
2025-10-31T11:56:15.195908,run,0.00147
2025-10-31T11:57:12.152827,run,0.00127
2025-10-31T11:57:20.645947,run,0.00119
2025-10-31T11:57:28.081465,run,0.00205
2025-10-31T12:08:51.147917,run,0.00150
2025-10-31T12:08:55.196350,run,0.00126
2025-10-31T12:08:58.498464,run,0.00191
2025-10-31T12:09:12.101649,run,0.00145
2025-10-31T12:09:15.275032,run,0.00131
2025-10-31T12:09:17.557175,run,0.00141
2025-10-31T12:47:08.838924,run,0.00062
2025-10-31T13:39:56.608535,run,0.00073
2025-10-31T13:40:58.122230,run,0.00120
2025-10-31T13:41:21.104184,run,0.00075
2025-10-31T13:47:23.473334,run,0.00075
2025-10-31T13:52:22.778873,run,0.00081
2025-10-31T13:52:35.361346,run,0.00082
2025-10-31T13:52:39.708408,run,0.00072
2025-10-31T13:54:39.601727,run,0.00074
2025-10-31T13:54:48.370089,run,0.00074
2025-10-31T14:00:40.664105,run,0.00075
2025-10-31T14:04:01.879919,run,0.00070
2025-11-02T14:02:09.563608,run,0.00131
2025-11-02T14:05:34.123905,run,0.00080
2025-11-02T14:55:49.415113,run,0.00127
2025-11-02T15:12:57.486310,run,0.00084
2025-11-02T15:13:10.346839,run,0.00089
2025-11-02T15:13:14.749866,run,0.00087
2025-11-02T15:13:35.651138,run,0.00098
2025-11-02T15:14:44.408461,run,0.00086
2025-11-02T15:14:49.185201,run,0.00088
2025-11-02T15:14:56.983539,run,0.00094
2025-11-02T15:17:45.575367,run,0.00088
2025-11-02T15:17:50.215800,run,0.00088
2025-11-02T15:17:52.965702,run,0.00086
2025-11-02T15:20:14.335905,run,0.00108
2025-11-02T15:20:20.341219,run,0.00103
2025-11-02T15:20:40.632092,run,0.00106
2025-11-02T15:20:47.305334,run,0.00105
2025-11-02T15:20:51.026548,run,0.00103
2025-11-02T15:20:56.966653,run,0.00105
2025-11-02T15:28:39.616137,run,0.00113
2025-11-02T15:29:03.738683,run,0.00105
2025-11-02T15:29:12.528160,run,0.00127
2025-11-02T15:42:49.971586,run,0.00113
2025-11-02T15:42:56.671240,run,0.00109
2025-11-02T15:50:19.389278,run,0.00117
2025-11-02T15:51:25.888905,run,0.00117
2025-11-02T15:56:22.074376,run,0.00123
2025-11-02T15:56:58.432081,run,0.00134
2025-11-02T15:59:44.906111,run,0.00128
2025-11-02T16:01:50.062349,run,0.00123
2025-11-02T16:02:05.879387,run,0.00120
2025-11-02T16:13:25.927921,run,0.00116
2025-11-02T16:15:49.723943,run,0.00121
2025-11-02T16:39:44.325180,run,0.00119
2025-11-02T16:39:59.453277,run,0.00118
2025-11-02T16:40:20.412782,run,0.00151
2025-11-02T16:43:42.105363,run,0.00128
2025-11-02T17:18:37.517051,run,0.00120
2025-11-02T17:18:44.877469,run,0.00121
2025-11-02T17:19:07.225716,run,0.00117
2025-11-02T17:19:22.557245,run,0.00115
2025-11-03T12:05:19.438771,run,0.00290
2025-11-03T12:09:28.525649,run,0.00295
2025-11-03T12:45:02.905475,run,0.00392
2025-11-03T15:43:25.115420,run,0.00133
2025-11-03T15:54:26.890908,run,0.00124
2025-11-03T15:54:32.317556,run,0.00132
2025-11-03T15:54:41.126249,run,0.00145
2025-11-03T15:56:03.990441,run,0.00120
2025-11-03T15:56:17.300004,run,0.00127
2025-11-03T15:56:38.581156,run,0.00125
2025-11-03T15:57:09.766073,run,0.00129
2025-11-03T15:58:34.004906,run,0.00125
2025-11-03T15:59:00.388204,run,0.00123
2025-11-03T15:59:20.821183,run,0.00122
2025-11-03T15:59:31.235113,run,0.00120
2025-11-03T16:01:03.590414,run,0.00130
2025-11-03T16:01:21.862301,run,0.00122
2025-11-03T16:01:39.990090,run,0.00119
2025-11-03T16:01:52.301811,run,0.00122
2025-11-03T16:02:17.381767,run,0.00120
2025-11-03T16:02:30.586721,run,0.00134
2025-11-03T16:02:47.395957,run,0.00121
2025-11-03T16:03:22.310240,run,0.00122
2025-11-03T16:03:51.520115,run,0.00137
2025-11-03T16:04:16.310337,run,0.00121
2025-11-03T16:04:52.450354,run,0.00126
2025-11-03T16:05:44.784493,run,0.00125
2025-11-03T16:05:49.354601,run,0.00115
2025-11-03T16:06:13.762303,run,0.00124
2025-11-03T16:06:16.914286,run,0.00134
2025-11-05T15:04:35.918286,run,0.00157
2025-11-05T15:05:16.173364,run,0.00130
2025-11-05T15:07:25.659585,run,0.00134
2025-11-05T15:08:43.499607,run,0.00145
2025-11-05T15:09:41.040777,run,0.00131
2025-11-05T15:14:58.460557,run,0.00164
2025-11-05T15:15:58.433799,run,0.00132
2025-11-05T15:21:38.570228,run,0.00128
2025-11-05T15:23:02.672972,run,0.00124
2025-11-05T15:29:23.872733,run,0.00120
2025-11-05T15:31:43.300207,run,0.00118
2025-11-05T15:34:44.802846,run,0.00121
2025-11-05T15:37:18.677287,run,0.00123
2025-11-05T15:39:48.844056,run,0.00197
2025-11-05T16:06:01.594482,run,0.00169
2025-11-05T16:20:47.299848,run,0.00118
2025-11-05T17:23:45.117416,run,0.00134
2025-11-06T13:11:55.268354,run,0.00135
